title,url,domain
ZoomEye - Cyberspace Search Engine,https://zoomeye.hk/login.htm,zoomeye.hk
ZoomEye - Cyberspace Search Engine,https://zoomeye.hk/login.htm,zoomeye.hk
ZoomEye - Cyberspace Search Engine,https://zoomeye.hk/top,zoomeye.hk
ZoomEye - Cyberspace Search Engine,https://zoomeye.hk/category.html,zoomeye.hk
ZoomEye - Cyberspace Search Engine,https://zoomeye.hk/phpMyadminaddons,zoomeye.hk
ZoomEye - Cyberspace Search Engine,https://zoomeye.hk/Portal1000.htm,zoomeye.hk
ZoomEye - Cyberspace Search Engine,https://zoomeye.hk/login.htm,zoomeye.hk
ZoomEye - Cyberspace Search Engine,https://zoomeye.hk/ihm.php,zoomeye.hk
ZoomEye - Cyberspace Search Engine,https://zoomeye.hk/putty.reg,zoomeye.hk
ZoomEye - Cyberspace Search Engine,https://zoomeye.hk/phpmyadmin1,zoomeye.hk
ZoomEye - Cyberspace Search Engine,https://zoomeye.hk/computer/,zoomeye.hk
ZoomEye - Cyberspace Search Engine,https://zoomeye.hk/phpMyadminCOadmin,zoomeye.hk
ZoomEye - Cyberspace Search Engine,https://zoomeye.hk/login.htm,zoomeye.hk
ZoomEye - Cyberspace Search Engine,https://zoomeye.hk/login.htm,zoomeye.hk
ZoomEye - Cyberspace Search Engine,https://zoomeye.hk/login.htm,zoomeye.hk
